,0,1,2,3,4,5,6
0,0.956,0.002,0.012,0.002,0.006,0.016,0.006
1,0.516,0.172,0.132,0.008,0.012,0.086,0.074
2,0.886,0.002,0.01,0.006,0.0,0.096,0.0
3,0.97,0.002,0.016,0.006,0.0,0.004,0.002
4,0.852,0.054,0.044,0.012,0.002,0.018,0.018
5,0.994,0.002,0.002,0.002,0.0,0.0,0.0
6,0.988,0.0,0.006,0.0,0.0,0.004,0.002
7,0.994,0.002,0.0,0.002,0.0,0.002,0.0
8,0.93,0.018,0.026,0.006,0.0,0.008,0.012
9,0.63,0.176,0.064,0.004,0.012,0.038,0.076
10,0.986,0.0,0.0,0.0,0.0,0.012,0.002
11,0.99,0.004,0.0,0.006,0.0,0.0,0.0
12,0.984,0.0,0.002,0.008,0.002,0.004,0.0
13,0.994,0.0,0.0,0.0,0.0,0.006,0.0
14,1.0,0.0,0.0,0.0,0.0,0.0,0.0
15,0.882,0.01,0.004,0.02,0.01,0.068,0.006
16,0.984,0.0,0.002,0.002,0.0,0.006,0.006
17,0.954,0.002,0.008,0.006,0.006,0.008,0.016
18,0.946,0.026,0.006,0.004,0.0,0.016,0.002
19,0.94,0.038,0.012,0.0,0.0,0.004,0.006
20,0.974,0.014,0.004,0.0,0.0,0.004,0.004
21,0.98,0.0,0.002,0.006,0.0,0.01,0.002
22,0.968,0.002,0.012,0.004,0.0,0.012,0.002
23,0.996,0.0,0.002,0.0,0.0,0.002,0.0
24,0.702,0.042,0.094,0.0,0.006,0.066,0.09
25,0.86,0.032,0.044,0.004,0.002,0.032,0.026
26,0.946,0.018,0.0,0.008,0.01,0.012,0.006
27,0.9,0.006,0.04,0.014,0.012,0.02,0.008
28,0.948,0.004,0.012,0.002,0.006,0.022,0.006
29,0.966,0.008,0.008,0.0,0.004,0.01,0.004
30,0.886,0.018,0.034,0.006,0.01,0.04,0.006
31,0.932,0.048,0.008,0.0,0.002,0.006,0.004
32,0.924,0.004,0.006,0.016,0.002,0.042,0.006
33,0.962,0.008,0.016,0.004,0.006,0.002,0.002
34,0.982,0.002,0.008,0.0,0.0,0.006,0.002
35,0.976,0.012,0.004,0.0,0.002,0.006,0.0
36,0.522,0.026,0.07,0.042,0.058,0.134,0.148
37,0.826,0.002,0.032,0.03,0.004,0.082,0.024
38,0.928,0.03,0.016,0.002,0.01,0.004,0.01
39,0.926,0.026,0.004,0.002,0.0,0.002,0.04
40,0.988,0.0,0.006,0.004,0.0,0.002,0.0
41,0.982,0.004,0.006,0.002,0.002,0.002,0.002
42,0.996,0.0,0.0,0.0,0.0,0.002,0.002
43,0.984,0.002,0.008,0.002,0.002,0.002,0.0
44,0.962,0.016,0.002,0.0,0.002,0.006,0.012
45,0.974,0.0,0.018,0.004,0.0,0.004,0.0
46,0.99,0.0,0.002,0.008,0.0,0.0,0.0
47,0.872,0.004,0.038,0.018,0.01,0.032,0.026
48,0.592,0.024,0.14,0.024,0.028,0.094,0.098
49,0.992,0.002,0.0,0.002,0.0,0.004,0.0
50,0.986,0.01,0.0,0.0,0.0,0.002,0.002
51,0.988,0.008,0.0,0.0,0.002,0.0,0.002
52,0.676,0.03,0.034,0.03,0.042,0.142,0.046
53,1.0,0.0,0.0,0.0,0.0,0.0,0.0
54,0.968,0.006,0.016,0.006,0.0,0.004,0.0
55,0.998,0.0,0.0,0.0,0.0,0.002,0.0
56,0.974,0.006,0.008,0.0,0.002,0.008,0.002
57,0.966,0.022,0.004,0.004,0.002,0.0,0.002
58,0.962,0.012,0.01,0.002,0.002,0.002,0.01
59,1.0,0.0,0.0,0.0,0.0,0.0,0.0
60,1.0,0.0,0.0,0.0,0.0,0.0,0.0
61,0.982,0.004,0.0,0.004,0.0,0.008,0.002
62,0.992,0.0,0.002,0.0,0.0,0.006,0.0
63,0.98,0.006,0.004,0.0,0.0,0.01,0.0
64,0.988,0.0,0.002,0.0,0.0,0.006,0.004
65,0.966,0.0,0.002,0.004,0.0,0.028,0.0
66,0.97,0.0,0.0,0.0,0.0,0.03,0.0
67,0.962,0.008,0.006,0.002,0.008,0.014,0.0
68,0.974,0.002,0.0,0.01,0.004,0.008,0.002
69,1.0,0.0,0.0,0.0,0.0,0.0,0.0
70,0.542,0.048,0.036,0.042,0.052,0.218,0.062
71,0.97,0.02,0.002,0.0,0.0,0.002,0.006
72,0.928,0.052,0.006,0.004,0.002,0.0,0.008
73,0.908,0.004,0.002,0.004,0.002,0.052,0.028
74,0.988,0.002,0.0,0.008,0.002,0.0,0.0
75,0.914,0.004,0.006,0.016,0.0,0.056,0.004
76,1.0,0.0,0.0,0.0,0.0,0.0,0.0
77,1.0,0.0,0.0,0.0,0.0,0.0,0.0
78,0.876,0.08,0.0,0.0,0.02,0.016,0.008
79,0.984,0.008,0.002,0.0,0.0,0.004,0.002
80,0.976,0.006,0.002,0.0,0.0,0.014,0.002
81,0.976,0.006,0.002,0.0,0.0,0.01,0.006
82,0.966,0.012,0.01,0.0,0.0,0.01,0.002
83,0.97,0.01,0.006,0.01,0.002,0.002,0.0
84,0.924,0.0,0.014,0.008,0.002,0.046,0.006
85,0.926,0.018,0.004,0.002,0.006,0.006,0.038
86,0.892,0.008,0.026,0.01,0.004,0.06,0.0
87,0.658,0.024,0.038,0.04,0.014,0.124,0.102
88,0.978,0.002,0.004,0.004,0.002,0.006,0.004
89,0.992,0.002,0.0,0.0,0.0,0.006,0.0
90,0.96,0.006,0.004,0.006,0.002,0.014,0.008
91,0.998,0.0,0.0,0.002,0.0,0.0,0.0
92,0.998,0.0,0.0,0.0,0.0,0.002,0.0
93,0.962,0.002,0.014,0.008,0.006,0.008,0.0
94,1.0,0.0,0.0,0.0,0.0,0.0,0.0
95,0.99,0.004,0.0,0.004,0.002,0.0,0.0
96,0.996,0.0,0.0,0.0,0.002,0.002,0.0
97,0.926,0.006,0.002,0.016,0.004,0.028,0.018
98,0.99,0.006,0.0,0.0,0.0,0.004,0.0
99,1.0,0.0,0.0,0.0,0.0,0.0,0.0
100,0.992,0.006,0.002,0.0,0.0,0.0,0.0
101,0.952,0.006,0.012,0.006,0.0,0.014,0.01
102,0.94,0.026,0.014,0.012,0.002,0.002,0.004
103,0.962,0.0,0.01,0.004,0.0,0.008,0.016
104,0.94,0.02,0.018,0.004,0.002,0.014,0.002
105,0.962,0.018,0.008,0.0,0.002,0.002,0.008
106,0.962,0.024,0.004,0.0,0.0,0.002,0.008
107,0.918,0.002,0.01,0.01,0.002,0.048,0.01
108,0.916,0.016,0.02,0.004,0.004,0.034,0.006
109,0.6,0.048,0.15,0.07,0.018,0.088,0.026
110,0.922,0.05,0.02,0.004,0.0,0.0,0.004
111,0.992,0.0,0.0,0.002,0.002,0.004,0.0
112,0.834,0.0,0.0,0.004,0.002,0.16,0.0
113,0.918,0.006,0.028,0.008,0.01,0.02,0.01
114,0.974,0.0,0.006,0.002,0.0,0.016,0.002
115,1.0,0.0,0.0,0.0,0.0,0.0,0.0
116,0.714,0.058,0.064,0.006,0.01,0.03,0.118
117,0.946,0.0,0.0,0.0,0.0,0.054,0.0
118,1.0,0.0,0.0,0.0,0.0,0.0,0.0
119,0.986,0.0,0.004,0.004,0.0,0.006,0.0
120,0.994,0.0,0.002,0.0,0.0,0.002,0.002
121,0.996,0.0,0.002,0.0,0.0,0.002,0.0
122,0.962,0.0,0.02,0.002,0.0,0.016,0.0
123,0.994,0.0,0.0,0.0,0.0,0.006,0.0
124,0.982,0.008,0.008,0.0,0.002,0.0,0.0
125,0.996,0.0,0.004,0.0,0.0,0.0,0.0
126,0.996,0.0,0.0,0.0,0.004,0.0,0.0
127,1.0,0.0,0.0,0.0,0.0,0.0,0.0
128,0.954,0.01,0.01,0.01,0.002,0.006,0.008
129,0.912,0.0,0.0,0.0,0.0,0.084,0.004
130,0.97,0.014,0.0,0.006,0.0,0.006,0.004
131,0.944,0.002,0.01,0.006,0.004,0.02,0.014
132,0.944,0.012,0.028,0.006,0.002,0.004,0.004
133,0.918,0.002,0.008,0.004,0.0,0.066,0.002
134,0.928,0.01,0.002,0.008,0.0,0.026,0.026
135,0.896,0.038,0.012,0.01,0.0,0.026,0.018
136,0.864,0.092,0.026,0.002,0.004,0.004,0.008
137,0.998,0.0,0.002,0.0,0.0,0.0,0.0
138,1.0,0.0,0.0,0.0,0.0,0.0,0.0
139,1.0,0.0,0.0,0.0,0.0,0.0,0.0
140,0.928,0.054,0.004,0.0,0.0,0.006,0.008
141,0.96,0.01,0.02,0.002,0.002,0.006,0.0
142,1.0,0.0,0.0,0.0,0.0,0.0,0.0
143,0.924,0.0,0.004,0.006,0.0,0.066,0.0
144,0.962,0.0,0.002,0.014,0.0,0.018,0.004
145,0.986,0.0,0.002,0.0,0.0,0.012,0.0
146,0.96,0.016,0.002,0.0,0.0,0.002,0.02
147,0.84,0.048,0.024,0.024,0.004,0.04,0.02
148,0.804,0.142,0.024,0.01,0.004,0.01,0.006
149,0.894,0.002,0.076,0.008,0.004,0.0,0.016
150,0.724,0.028,0.012,0.036,0.01,0.126,0.064
151,0.688,0.01,0.046,0.074,0.012,0.114,0.056
152,0.998,0.0,0.002,0.0,0.0,0.0,0.0
153,0.514,0.108,0.196,0.05,0.042,0.04,0.05
154,0.456,0.268,0.022,0.016,0.008,0.068,0.162
155,0.566,0.014,0.074,0.1,0.024,0.192,0.03
156,0.974,0.008,0.006,0.002,0.004,0.004,0.002
157,0.482,0.112,0.122,0.056,0.03,0.114,0.084
158,0.742,0.072,0.084,0.016,0.016,0.06,0.01
159,0.872,0.004,0.01,0.026,0.01,0.066,0.012
160,0.734,0.056,0.06,0.032,0.02,0.07,0.028
161,0.766,0.02,0.082,0.01,0.034,0.072,0.016
162,0.504,0.01,0.168,0.088,0.03,0.142,0.058
163,0.674,0.048,0.038,0.024,0.042,0.094,0.08
164,0.962,0.018,0.004,0.002,0.0,0.008,0.006
165,0.996,0.002,0.002,0.0,0.0,0.0,0.0
166,1.0,0.0,0.0,0.0,0.0,0.0,0.0
167,0.986,0.008,0.006,0.0,0.0,0.0,0.0
168,0.978,0.01,0.006,0.0,0.0,0.006,0.0
169,0.974,0.016,0.004,0.0,0.0,0.006,0.0
170,0.956,0.03,0.012,0.002,0.0,0.0,0.0
171,0.874,0.066,0.014,0.002,0.01,0.02,0.014
172,0.986,0.008,0.002,0.0,0.002,0.002,0.0
173,0.982,0.002,0.004,0.008,0.002,0.002,0.0
174,0.91,0.058,0.008,0.002,0.008,0.01,0.004
175,0.966,0.018,0.004,0.002,0.008,0.002,0.0
176,0.934,0.028,0.002,0.01,0.002,0.024,0.0
177,0.922,0.06,0.006,0.0,0.0,0.004,0.008
178,0.868,0.078,0.008,0.0,0.008,0.016,0.022
179,0.924,0.024,0.012,0.006,0.008,0.014,0.012
180,0.872,0.118,0.004,0.004,0.0,0.0,0.002
181,0.812,0.092,0.026,0.02,0.002,0.028,0.02
182,0.972,0.008,0.004,0.002,0.002,0.01,0.002
183,0.998,0.0,0.0,0.0,0.0,0.002,0.0
184,0.862,0.098,0.016,0.0,0.0,0.018,0.006
185,0.88,0.03,0.036,0.0,0.0,0.022,0.032
186,0.95,0.012,0.014,0.006,0.002,0.012,0.004
187,0.726,0.09,0.092,0.008,0.02,0.056,0.008
188,0.964,0.022,0.004,0.0,0.004,0.002,0.004
189,1.0,0.0,0.0,0.0,0.0,0.0,0.0
190,0.984,0.008,0.004,0.002,0.0,0.0,0.002
191,0.99,0.002,0.0,0.004,0.004,0.0,0.0
192,0.986,0.002,0.004,0.002,0.0,0.006,0.0
193,0.946,0.034,0.008,0.0,0.002,0.002,0.008
194,0.994,0.002,0.002,0.0,0.0,0.002,0.0
195,0.528,0.102,0.122,0.058,0.044,0.104,0.042
196,0.85,0.002,0.002,0.006,0.002,0.134,0.004
197,0.96,0.004,0.008,0.0,0.006,0.02,0.002
198,0.98,0.002,0.008,0.002,0.0,0.006,0.002
199,0.998,0.0,0.0,0.0,0.0,0.002,0.0
200,0.968,0.018,0.006,0.0,0.002,0.002,0.004
201,0.996,0.0,0.0,0.0,0.0,0.004,0.0
202,1.0,0.0,0.0,0.0,0.0,0.0,0.0
203,0.974,0.002,0.018,0.0,0.0,0.004,0.002
204,0.998,0.002,0.0,0.0,0.0,0.0,0.0
205,1.0,0.0,0.0,0.0,0.0,0.0,0.0
206,0.916,0.036,0.006,0.006,0.008,0.028,0.0
207,0.994,0.0,0.0,0.0,0.0,0.006,0.0
208,0.912,0.004,0.02,0.006,0.014,0.032,0.012
209,0.79,0.072,0.03,0.04,0.004,0.042,0.022
210,0.85,0.05,0.026,0.028,0.0,0.028,0.018
211,0.896,0.028,0.006,0.044,0.008,0.018,0.0
212,0.828,0.036,0.018,0.05,0.01,0.05,0.008
213,0.926,0.026,0.022,0.004,0.008,0.008,0.006
214,0.926,0.012,0.026,0.008,0.004,0.016,0.008
215,0.986,0.004,0.0,0.002,0.004,0.004,0.0
216,0.832,0.048,0.028,0.028,0.002,0.046,0.016
217,0.976,0.006,0.008,0.002,0.0,0.006,0.002
218,0.0,0.996,0.0,0.002,0.0,0.0,0.002
219,0.002,0.97,0.004,0.014,0.008,0.0,0.002
220,0.004,0.956,0.01,0.014,0.014,0.0,0.002
221,0.002,0.996,0.0,0.0,0.002,0.0,0.0
222,0.008,0.992,0.0,0.0,0.0,0.0,0.0
223,0.0,0.996,0.0,0.0,0.004,0.0,0.0
224,0.0,0.998,0.0,0.0,0.002,0.0,0.0
225,0.012,0.972,0.004,0.006,0.002,0.002,0.002
226,0.002,0.996,0.0,0.0,0.0,0.002,0.0
227,0.0,0.998,0.0,0.0,0.002,0.0,0.0
228,0.012,0.984,0.0,0.0,0.0,0.004,0.0
229,0.002,0.998,0.0,0.0,0.0,0.0,0.0
230,0.01,0.988,0.0,0.0,0.0,0.002,0.0
231,0.052,0.918,0.004,0.002,0.0,0.016,0.008
232,0.002,0.998,0.0,0.0,0.0,0.0,0.0
233,0.0,1.0,0.0,0.0,0.0,0.0,0.0
234,0.004,0.992,0.002,0.0,0.0,0.0,0.002
235,0.0,1.0,0.0,0.0,0.0,0.0,0.0
236,0.018,0.978,0.0,0.0,0.0,0.004,0.0
237,0.0,1.0,0.0,0.0,0.0,0.0,0.0
238,0.0,1.0,0.0,0.0,0.0,0.0,0.0
239,0.0,0.998,0.0,0.0,0.0,0.0,0.002
240,0.0,1.0,0.0,0.0,0.0,0.0,0.0
241,0.0,0.994,0.004,0.0,0.002,0.0,0.0
242,0.002,0.982,0.01,0.004,0.002,0.0,0.0
243,0.016,0.818,0.024,0.046,0.024,0.046,0.026
244,0.0,1.0,0.0,0.0,0.0,0.0,0.0
245,0.0,1.0,0.0,0.0,0.0,0.0,0.0
246,0.01,0.952,0.02,0.0,0.0,0.012,0.006
247,0.004,0.982,0.006,0.0,0.0,0.006,0.002
248,0.0,1.0,0.0,0.0,0.0,0.0,0.0
249,0.0,0.994,0.004,0.0,0.0,0.002,0.0
250,0.002,0.966,0.004,0.0,0.0,0.022,0.006
251,0.002,0.996,0.002,0.0,0.0,0.0,0.0
252,0.0,0.968,0.018,0.004,0.004,0.002,0.004
253,0.02,0.962,0.012,0.002,0.002,0.0,0.002
254,0.01,0.976,0.012,0.002,0.0,0.0,0.0
255,0.0,0.998,0.0,0.002,0.0,0.0,0.0
256,0.0,1.0,0.0,0.0,0.0,0.0,0.0
257,0.032,0.656,0.082,0.094,0.032,0.058,0.046
258,0.102,0.876,0.0,0.012,0.004,0.002,0.004
259,0.002,0.966,0.01,0.0,0.0,0.016,0.006
260,0.0,0.976,0.002,0.002,0.004,0.016,0.0
261,0.052,0.874,0.012,0.026,0.0,0.022,0.014
262,0.002,0.994,0.002,0.0,0.0,0.0,0.002
263,0.138,0.768,0.02,0.004,0.0,0.024,0.046
264,0.06,0.608,0.174,0.034,0.082,0.038,0.004
265,0.028,0.938,0.012,0.006,0.002,0.002,0.012
266,0.062,0.822,0.054,0.002,0.008,0.032,0.02
267,0.0,1.0,0.0,0.0,0.0,0.0,0.0
268,0.066,0.598,0.1,0.054,0.11,0.046,0.026
269,0.062,0.908,0.002,0.008,0.0,0.012,0.008
270,0.046,0.858,0.024,0.008,0.002,0.024,0.038
271,0.004,0.99,0.002,0.002,0.0,0.002,0.0
272,0.0,1.0,0.0,0.0,0.0,0.0,0.0
273,0.014,0.956,0.016,0.004,0.004,0.006,0.0
274,0.0,1.0,0.0,0.0,0.0,0.0,0.0
275,0.0,0.97,0.01,0.0,0.018,0.002,0.0
276,0.0,0.968,0.014,0.002,0.014,0.002,0.0
277,0.0,1.0,0.0,0.0,0.0,0.0,0.0
278,0.0,0.988,0.006,0.002,0.0,0.002,0.002
279,0.0,1.0,0.0,0.0,0.0,0.0,0.0
280,0.016,0.928,0.012,0.018,0.006,0.008,0.012
281,0.0,0.996,0.0,0.002,0.0,0.0,0.002
282,0.0,1.0,0.0,0.0,0.0,0.0,0.0
283,0.0,0.996,0.0,0.004,0.0,0.0,0.0
284,0.028,0.808,0.046,0.01,0.008,0.032,0.068
285,0.0,0.998,0.0,0.0,0.0,0.0,0.002
286,0.004,0.988,0.006,0.0,0.0,0.002,0.0
287,0.0,1.0,0.0,0.0,0.0,0.0,0.0
288,0.0,0.966,0.006,0.006,0.002,0.002,0.018
289,0.0,1.0,0.0,0.0,0.0,0.0,0.0
290,0.0,1.0,0.0,0.0,0.0,0.0,0.0
291,0.0,0.998,0.0,0.0,0.0,0.002,0.0
292,0.0,1.0,0.0,0.0,0.0,0.0,0.0
293,0.0,0.984,0.004,0.004,0.004,0.002,0.002
294,0.0,0.992,0.0,0.0,0.002,0.004,0.002
295,0.0,0.986,0.0,0.006,0.006,0.002,0.0
296,0.1,0.736,0.042,0.04,0.046,0.026,0.01
297,0.0,1.0,0.0,0.0,0.0,0.0,0.0
298,0.002,0.996,0.002,0.0,0.0,0.0,0.0
299,0.026,0.888,0.006,0.018,0.004,0.004,0.054
300,0.0,1.0,0.0,0.0,0.0,0.0,0.0
301,0.0,1.0,0.0,0.0,0.0,0.0,0.0
302,0.0,1.0,0.0,0.0,0.0,0.0,0.0
303,0.002,0.988,0.0,0.004,0.002,0.002,0.002
304,0.0,1.0,0.0,0.0,0.0,0.0,0.0
305,0.0,0.996,0.002,0.0,0.002,0.0,0.0
306,0.0,0.996,0.002,0.0,0.0,0.002,0.0
307,0.05,0.848,0.026,0.022,0.036,0.006,0.012
308,0.004,0.984,0.008,0.0,0.002,0.002,0.0
309,0.0,1.0,0.0,0.0,0.0,0.0,0.0
310,0.002,0.984,0.01,0.0,0.0,0.002,0.002
311,0.0,0.992,0.0,0.002,0.0,0.002,0.004
312,0.0,1.0,0.0,0.0,0.0,0.0,0.0
313,0.0,0.998,0.0,0.002,0.0,0.0,0.0
314,0.0,1.0,0.0,0.0,0.0,0.0,0.0
315,0.036,0.824,0.058,0.014,0.032,0.026,0.01
316,0.024,0.878,0.036,0.014,0.038,0.008,0.002
317,0.0,1.0,0.0,0.0,0.0,0.0,0.0
318,0.002,0.838,0.088,0.048,0.02,0.004,0.0
319,0.014,0.93,0.014,0.002,0.0,0.006,0.034
320,0.048,0.9,0.028,0.01,0.0,0.008,0.006
321,0.008,0.978,0.006,0.002,0.002,0.0,0.004
322,0.008,0.986,0.002,0.002,0.002,0.0,0.0
323,0.0,1.0,0.0,0.0,0.0,0.0,0.0
324,0.042,0.908,0.016,0.01,0.01,0.004,0.01
325,0.006,0.986,0.004,0.0,0.002,0.002,0.0
326,0.0,1.0,0.0,0.0,0.0,0.0,0.0
327,0.034,0.906,0.008,0.01,0.004,0.022,0.016
328,0.006,0.976,0.006,0.004,0.002,0.002,0.004
329,0.0,1.0,0.0,0.0,0.0,0.0,0.0
330,0.006,0.984,0.004,0.002,0.0,0.0,0.004
331,0.002,0.994,0.004,0.0,0.0,0.0,0.0
332,0.0,1.0,0.0,0.0,0.0,0.0,0.0
333,0.032,0.92,0.012,0.0,0.008,0.01,0.018
334,0.006,0.994,0.0,0.0,0.0,0.0,0.0
335,0.002,0.992,0.0,0.004,0.0,0.002,0.0
336,0.0,0.998,0.0,0.0,0.002,0.0,0.0
337,0.0,0.992,0.006,0.002,0.0,0.0,0.0
338,0.0,1.0,0.0,0.0,0.0,0.0,0.0
339,0.002,0.996,0.0,0.0,0.002,0.0,0.0
340,0.0,0.994,0.002,0.0,0.0,0.004,0.0
341,0.026,0.942,0.008,0.002,0.006,0.008,0.008
342,0.01,0.91,0.022,0.006,0.016,0.014,0.022
343,0.052,0.74,0.068,0.016,0.026,0.004,0.094
344,0.016,0.934,0.012,0.012,0.02,0.006,0.0
345,0.0,0.994,0.0,0.0,0.0,0.0,0.006
346,0.044,0.87,0.04,0.006,0.008,0.018,0.014
347,0.004,0.916,0.024,0.016,0.016,0.006,0.018
348,0.048,0.924,0.0,0.008,0.002,0.012,0.006
349,0.014,0.944,0.014,0.01,0.004,0.012,0.002
350,0.004,0.99,0.002,0.0,0.0,0.0,0.004
351,0.0,1.0,0.0,0.0,0.0,0.0,0.0
352,0.004,0.982,0.0,0.0,0.0,0.006,0.008
353,0.046,0.828,0.014,0.036,0.012,0.03,0.034
354,0.004,0.978,0.002,0.012,0.002,0.0,0.002
355,0.01,0.962,0.006,0.002,0.0,0.016,0.004
356,0.022,0.97,0.004,0.0,0.0,0.002,0.002
357,0.0,1.0,0.0,0.0,0.0,0.0,0.0
358,0.01,0.948,0.002,0.012,0.002,0.006,0.02
359,0.066,0.916,0.004,0.002,0.0,0.01,0.002
360,0.038,0.854,0.058,0.016,0.012,0.014,0.008
361,0.026,0.914,0.006,0.012,0.02,0.01,0.012
362,0.04,0.87,0.006,0.008,0.022,0.012,0.042
363,0.002,0.996,0.002,0.0,0.0,0.0,0.0
364,0.148,0.738,0.02,0.018,0.0,0.07,0.006
365,0.004,0.936,0.01,0.018,0.024,0.006,0.002
366,0.0,1.0,0.0,0.0,0.0,0.0,0.0
367,0.002,0.988,0.0,0.004,0.002,0.0,0.004
368,0.008,0.976,0.002,0.002,0.0,0.008,0.004
369,0.0,1.0,0.0,0.0,0.0,0.0,0.0
370,0.002,0.984,0.008,0.004,0.002,0.0,0.0
371,0.02,0.87,0.012,0.016,0.014,0.01,0.058
372,0.0,1.0,0.0,0.0,0.0,0.0,0.0
373,0.0,1.0,0.0,0.0,0.0,0.0,0.0
374,0.004,0.996,0.0,0.0,0.0,0.0,0.0
375,0.002,0.988,0.0,0.004,0.002,0.002,0.002
376,0.112,0.72,0.002,0.02,0.042,0.036,0.068
377,0.0,1.0,0.0,0.0,0.0,0.0,0.0
378,0.028,0.952,0.012,0.0,0.0,0.004,0.004
379,0.012,0.986,0.0,0.0,0.0,0.002,0.0
380,0.0,0.998,0.0,0.0,0.0,0.0,0.002
381,0.002,0.988,0.002,0.002,0.0,0.004,0.002
382,0.376,0.422,0.028,0.05,0.042,0.064,0.018
383,0.0,0.998,0.0,0.002,0.0,0.0,0.0
384,0.006,0.994,0.0,0.0,0.0,0.0,0.0
385,0.024,0.916,0.016,0.008,0.01,0.006,0.02
386,0.0,0.972,0.004,0.008,0.012,0.002,0.002
387,0.042,0.83,0.018,0.012,0.012,0.082,0.004
388,0.02,0.958,0.006,0.01,0.0,0.002,0.004
389,0.16,0.762,0.026,0.016,0.004,0.022,0.01
390,0.016,0.914,0.026,0.006,0.018,0.01,0.01
391,0.102,0.73,0.064,0.006,0.002,0.06,0.036
392,0.0,0.992,0.002,0.0,0.006,0.0,0.0
393,0.0,0.904,0.052,0.028,0.014,0.0,0.002
394,0.002,0.98,0.002,0.0,0.002,0.006,0.008
395,0.094,0.896,0.002,0.0,0.0,0.008,0.0
396,0.0,1.0,0.0,0.0,0.0,0.0,0.0
397,0.002,0.938,0.016,0.018,0.018,0.0,0.008
398,0.002,0.98,0.008,0.002,0.004,0.002,0.002
399,0.0,0.998,0.002,0.0,0.0,0.0,0.0
400,0.01,0.97,0.0,0.002,0.0,0.006,0.012
401,0.008,0.976,0.004,0.01,0.0,0.002,0.0
402,0.0,1.0,0.0,0.0,0.0,0.0,0.0
403,0.002,0.964,0.002,0.008,0.004,0.016,0.004
404,0.01,0.97,0.006,0.01,0.0,0.004,0.0
405,0.072,0.912,0.004,0.002,0.002,0.008,0.0
406,0.0,1.0,0.0,0.0,0.0,0.0,0.0
407,0.0,0.998,0.002,0.0,0.0,0.0,0.0
408,0.0,0.976,0.002,0.0,0.018,0.002,0.002
409,0.0,1.0,0.0,0.0,0.0,0.0,0.0
410,0.0,0.992,0.002,0.002,0.004,0.0,0.0
411,0.0,1.0,0.0,0.0,0.0,0.0,0.0
412,0.0,1.0,0.0,0.0,0.0,0.0,0.0
413,0.416,0.394,0.104,0.014,0.004,0.05,0.018
414,0.04,0.812,0.042,0.026,0.042,0.024,0.014
415,0.08,0.77,0.01,0.026,0.052,0.032,0.03
416,0.108,0.636,0.028,0.038,0.046,0.124,0.02
417,0.022,0.936,0.008,0.01,0.0,0.02,0.004
418,0.002,0.996,0.002,0.0,0.0,0.0,0.0
419,0.002,0.998,0.0,0.0,0.0,0.0,0.0
420,0.046,0.834,0.012,0.012,0.038,0.024,0.034
421,0.01,0.97,0.01,0.002,0.0,0.008,0.0
422,0.0,1.0,0.0,0.0,0.0,0.0,0.0
423,0.024,0.96,0.012,0.002,0.0,0.002,0.0
424,0.0,1.0,0.0,0.0,0.0,0.0,0.0
425,0.09,0.85,0.01,0.016,0.01,0.014,0.01
426,0.038,0.862,0.048,0.002,0.018,0.01,0.022
427,0.002,0.998,0.0,0.0,0.0,0.0,0.0
428,0.104,0.856,0.0,0.002,0.0,0.018,0.02
429,0.0,0.996,0.0,0.0,0.002,0.0,0.002
430,0.002,0.986,0.0,0.006,0.004,0.002,0.0
431,0.032,0.854,0.008,0.014,0.05,0.008,0.034
432,0.034,0.938,0.008,0.002,0.006,0.008,0.004
433,0.04,0.884,0.028,0.002,0.002,0.008,0.036
434,0.078,0.696,0.13,0.01,0.01,0.016,0.06
435,0.0,1.0,0.0,0.0,0.0,0.0,0.0
436,0.002,0.994,0.0,0.002,0.0,0.0,0.002
437,0.0,1.0,0.0,0.0,0.0,0.0,0.0
438,0.0,1.0,0.0,0.0,0.0,0.0,0.0
439,0.0,1.0,0.0,0.0,0.0,0.0,0.0
440,0.0,1.0,0.0,0.0,0.0,0.0,0.0
441,0.0,1.0,0.0,0.0,0.0,0.0,0.0
442,0.0,1.0,0.0,0.0,0.0,0.0,0.0
443,0.0,1.0,0.0,0.0,0.0,0.0,0.0
444,0.0,1.0,0.0,0.0,0.0,0.0,0.0
445,0.0,0.998,0.0,0.0,0.0,0.0,0.002
446,0.0,1.0,0.0,0.0,0.0,0.0,0.0
447,0.0,1.0,0.0,0.0,0.0,0.0,0.0
448,0.0,1.0,0.0,0.0,0.0,0.0,0.0
449,0.0,1.0,0.0,0.0,0.0,0.0,0.0
450,0.0,1.0,0.0,0.0,0.0,0.0,0.0
451,0.0,0.998,0.0,0.0,0.0,0.002,0.0
452,0.0,1.0,0.0,0.0,0.0,0.0,0.0
453,0.0,0.988,0.0,0.002,0.0,0.008,0.002
454,0.0,1.0,0.0,0.0,0.0,0.0,0.0
455,0.0,1.0,0.0,0.0,0.0,0.0,0.0
456,0.0,1.0,0.0,0.0,0.0,0.0,0.0
457,0.0,1.0,0.0,0.0,0.0,0.0,0.0
458,0.024,0.974,0.0,0.0,0.0,0.002,0.0
459,0.0,0.998,0.0,0.002,0.0,0.0,0.0
460,0.0,0.998,0.0,0.002,0.0,0.0,0.0
461,0.0,1.0,0.0,0.0,0.0,0.0,0.0
462,0.006,0.952,0.01,0.008,0.002,0.022,0.0
463,0.0,0.982,0.0,0.008,0.002,0.006,0.002
464,0.0,1.0,0.0,0.0,0.0,0.0,0.0
465,0.0,0.988,0.002,0.002,0.002,0.006,0.0
466,0.0,0.996,0.002,0.002,0.0,0.0,0.0
467,0.0,1.0,0.0,0.0,0.0,0.0,0.0
468,0.0,1.0,0.0,0.0,0.0,0.0,0.0
469,0.0,0.998,0.002,0.0,0.0,0.0,0.0
470,0.0,1.0,0.0,0.0,0.0,0.0,0.0
471,0.0,1.0,0.0,0.0,0.0,0.0,0.0
472,0.0,1.0,0.0,0.0,0.0,0.0,0.0
473,0.0,1.0,0.0,0.0,0.0,0.0,0.0
474,0.0,1.0,0.0,0.0,0.0,0.0,0.0
475,0.0,1.0,0.0,0.0,0.0,0.0,0.0
476,0.0,1.0,0.0,0.0,0.0,0.0,0.0
477,0.006,0.992,0.0,0.0,0.0,0.002,0.0
478,0.026,0.958,0.008,0.004,0.002,0.0,0.002
479,0.006,0.984,0.008,0.0,0.002,0.0,0.0
480,0.008,0.982,0.0,0.002,0.0,0.004,0.004
481,0.008,0.976,0.002,0.004,0.002,0.006,0.002
482,0.0,1.0,0.0,0.0,0.0,0.0,0.0
483,0.052,0.826,0.04,0.002,0.012,0.056,0.012
484,0.002,0.996,0.0,0.0,0.0,0.002,0.0
485,0.0,1.0,0.0,0.0,0.0,0.0,0.0
486,0.0,1.0,0.0,0.0,0.0,0.0,0.0
487,0.002,0.996,0.002,0.0,0.0,0.0,0.0
488,0.0,1.0,0.0,0.0,0.0,0.0,0.0
489,0.0,1.0,0.0,0.0,0.0,0.0,0.0
490,0.0,1.0,0.0,0.0,0.0,0.0,0.0
491,0.002,0.998,0.0,0.0,0.0,0.0,0.0
492,0.004,0.966,0.006,0.0,0.01,0.006,0.008
493,0.0,1.0,0.0,0.0,0.0,0.0,0.0
494,0.014,0.856,0.034,0.022,0.01,0.042,0.022
495,0.0,1.0,0.0,0.0,0.0,0.0,0.0
496,0.0,1.0,0.0,0.0,0.0,0.0,0.0
497,0.002,0.996,0.0,0.0,0.002,0.0,0.0
498,0.0,0.994,0.006,0.0,0.0,0.0,0.0
499,0.002,0.994,0.002,0.0,0.0,0.0,0.002
500,0.0,0.994,0.002,0.0,0.0,0.0,0.004
501,0.0,0.98,0.004,0.0,0.014,0.002,0.0
502,0.01,0.914,0.036,0.01,0.022,0.006,0.002
503,0.032,0.91,0.018,0.002,0.008,0.028,0.002
504,0.0,0.998,0.0,0.0,0.0,0.0,0.002
505,0.0,1.0,0.0,0.0,0.0,0.0,0.0
506,0.02,0.972,0.006,0.0,0.002,0.0,0.0
507,0.038,0.756,0.008,0.008,0.074,0.018,0.098
508,0.002,0.89,0.06,0.034,0.014,0.0,0.0
509,0.0,1.0,0.0,0.0,0.0,0.0,0.0
510,0.0,1.0,0.0,0.0,0.0,0.0,0.0
511,0.046,0.414,0.03,0.162,0.148,0.13,0.07
512,0.024,0.616,0.008,0.14,0.07,0.06,0.082
513,0.006,0.99,0.0,0.0,0.002,0.002,0.0
514,0.02,0.916,0.012,0.008,0.04,0.002,0.002
515,0.01,0.966,0.004,0.002,0.01,0.004,0.004
516,0.028,0.788,0.058,0.02,0.08,0.01,0.016
517,0.142,0.672,0.06,0.002,0.002,0.056,0.066
518,0.0,0.998,0.0,0.002,0.0,0.0,0.0
519,0.0,1.0,0.0,0.0,0.0,0.0,0.0
520,0.0,1.0,0.0,0.0,0.0,0.0,0.0
521,0.0,1.0,0.0,0.0,0.0,0.0,0.0
522,0.0,1.0,0.0,0.0,0.0,0.0,0.0
523,0.0,0.992,0.006,0.0,0.002,0.0,0.0
524,0.0,1.0,0.0,0.0,0.0,0.0,0.0
525,0.0,1.0,0.0,0.0,0.0,0.0,0.0
526,0.016,0.9,0.016,0.002,0.002,0.016,0.048
527,0.012,0.982,0.004,0.0,0.002,0.0,0.0
528,0.0,1.0,0.0,0.0,0.0,0.0,0.0
529,0.0,1.0,0.0,0.0,0.0,0.0,0.0
530,0.0,1.0,0.0,0.0,0.0,0.0,0.0
531,0.044,0.784,0.06,0.022,0.04,0.018,0.032
532,0.002,0.996,0.0,0.0,0.0,0.0,0.002
533,0.0,1.0,0.0,0.0,0.0,0.0,0.0
534,0.0,1.0,0.0,0.0,0.0,0.0,0.0
535,0.014,0.78,0.036,0.058,0.064,0.032,0.016
536,0.088,0.824,0.018,0.02,0.0,0.042,0.008
537,0.0,1.0,0.0,0.0,0.0,0.0,0.0
538,0.0,0.988,0.004,0.0,0.008,0.0,0.0
539,0.01,0.846,0.0,0.0,0.03,0.012,0.102
540,0.002,0.986,0.008,0.002,0.002,0.0,0.0
541,0.014,0.732,0.018,0.006,0.078,0.036,0.116
542,0.006,0.936,0.004,0.016,0.006,0.02,0.012
543,0.048,0.37,0.084,0.056,0.3,0.056,0.086
544,0.0,0.996,0.0,0.0,0.002,0.002,0.0
545,0.156,0.352,0.264,0.018,0.068,0.076,0.066
546,0.004,0.986,0.004,0.0,0.0,0.002,0.004
547,0.012,0.914,0.02,0.004,0.004,0.024,0.022
548,0.002,0.998,0.0,0.0,0.0,0.0,0.0
549,0.0,1.0,0.0,0.0,0.0,0.0,0.0
550,0.004,0.984,0.004,0.0,0.002,0.004,0.002
551,0.006,0.978,0.008,0.002,0.002,0.004,0.0
552,0.07,0.884,0.024,0.004,0.004,0.002,0.012
553,0.084,0.872,0.014,0.0,0.0,0.008,0.022
554,0.0,1.0,0.0,0.0,0.0,0.0,0.0
555,0.002,0.972,0.006,0.008,0.002,0.004,0.006
556,0.004,0.996,0.0,0.0,0.0,0.0,0.0
557,0.0,1.0,0.0,0.0,0.0,0.0,0.0
558,0.0,0.828,0.078,0.052,0.026,0.006,0.01
559,0.0,0.998,0.0,0.0,0.0,0.0,0.002
560,0.016,0.916,0.002,0.002,0.022,0.004,0.038
561,0.024,0.844,0.036,0.024,0.032,0.02,0.02
562,0.034,0.88,0.03,0.008,0.004,0.02,0.024
563,0.0,0.998,0.0,0.0,0.0,0.0,0.002
564,0.002,0.984,0.002,0.0,0.002,0.006,0.004
565,0.0,0.994,0.0,0.002,0.0,0.0,0.004
566,0.014,0.97,0.002,0.004,0.006,0.002,0.002
567,0.0,0.99,0.0,0.004,0.004,0.0,0.002
568,0.0,1.0,0.0,0.0,0.0,0.0,0.0
569,0.0,1.0,0.0,0.0,0.0,0.0,0.0
570,0.0,0.998,0.0,0.0,0.002,0.0,0.0
571,0.0,0.998,0.0,0.0,0.002,0.0,0.0
572,0.0,1.0,0.0,0.0,0.0,0.0,0.0
573,0.0,0.998,0.0,0.0,0.002,0.0,0.0
574,0.0,1.0,0.0,0.0,0.0,0.0,0.0
575,0.0,1.0,0.0,0.0,0.0,0.0,0.0
576,0.002,0.994,0.002,0.0,0.002,0.0,0.0
577,0.0,0.978,0.004,0.0,0.012,0.004,0.002
578,0.0,1.0,0.0,0.0,0.0,0.0,0.0
579,0.0,0.974,0.004,0.004,0.004,0.008,0.006
580,0.0,0.99,0.0,0.004,0.0,0.0,0.006
581,0.0,0.984,0.0,0.002,0.004,0.004,0.006
582,0.004,0.842,0.008,0.016,0.07,0.038,0.022
583,0.0,0.996,0.002,0.0,0.0,0.002,0.0
584,0.002,0.978,0.002,0.002,0.0,0.006,0.01
585,0.032,0.958,0.004,0.0,0.0,0.0,0.006
586,0.0,0.996,0.0,0.0,0.002,0.002,0.0
587,0.002,0.998,0.0,0.0,0.0,0.0,0.0
588,0.0,0.99,0.0,0.002,0.0,0.004,0.004
589,0.002,0.97,0.002,0.002,0.014,0.004,0.006
590,0.002,0.99,0.0,0.002,0.002,0.002,0.002
591,0.0,1.0,0.0,0.0,0.0,0.0,0.0
592,0.0,0.998,0.0,0.0,0.0,0.002,0.0
593,0.022,0.942,0.008,0.006,0.006,0.012,0.004
594,0.0,0.998,0.0,0.0,0.002,0.0,0.0
595,0.002,0.994,0.0,0.0,0.0,0.0,0.004
596,0.0,1.0,0.0,0.0,0.0,0.0,0.0
597,0.004,0.906,0.01,0.018,0.006,0.018,0.038
598,0.0,0.996,0.0,0.002,0.0,0.0,0.002
599,0.032,0.874,0.038,0.012,0.03,0.01,0.004
600,0.0,0.994,0.002,0.004,0.0,0.0,0.0
601,0.0,1.0,0.0,0.0,0.0,0.0,0.0
602,0.0,1.0,0.0,0.0,0.0,0.0,0.0
603,0.12,0.834,0.006,0.002,0.002,0.03,0.006
604,0.02,0.898,0.032,0.008,0.02,0.01,0.012
605,0.004,0.982,0.008,0.0,0.0,0.006,0.0
606,0.0,0.99,0.002,0.002,0.004,0.002,0.0
607,0.0,1.0,0.0,0.0,0.0,0.0,0.0
608,0.0,1.0,0.0,0.0,0.0,0.0,0.0
609,0.004,0.992,0.0,0.0,0.004,0.0,0.0
610,0.018,0.964,0.002,0.004,0.006,0.002,0.004
611,0.008,0.962,0.012,0.002,0.01,0.004,0.002
612,0.0,1.0,0.0,0.0,0.0,0.0,0.0
613,0.0,1.0,0.0,0.0,0.0,0.0,0.0
614,0.0,0.99,0.0,0.0,0.0,0.0,0.01
615,0.0,1.0,0.0,0.0,0.0,0.0,0.0
616,0.016,0.848,0.01,0.01,0.056,0.012,0.048
617,0.082,0.478,0.358,0.02,0.01,0.036,0.016
618,0.024,0.158,0.56,0.1,0.088,0.028,0.042
619,0.06,0.628,0.174,0.052,0.042,0.02,0.024
620,0.066,0.102,0.618,0.034,0.074,0.06,0.046
621,0.08,0.112,0.518,0.044,0.106,0.064,0.076
622,0.05,0.146,0.554,0.04,0.148,0.044,0.018
623,0.504,0.034,0.238,0.036,0.056,0.088,0.044
624,0.114,0.292,0.402,0.038,0.05,0.068,0.036
625,0.092,0.068,0.664,0.042,0.084,0.034,0.016
626,0.09,0.03,0.61,0.09,0.074,0.096,0.01
627,0.146,0.08,0.402,0.082,0.108,0.12,0.062
628,0.078,0.144,0.662,0.006,0.028,0.064,0.018
629,0.028,0.032,0.878,0.008,0.02,0.022,0.012
630,0.408,0.04,0.392,0.032,0.026,0.03,0.072
631,0.036,0.052,0.758,0.02,0.07,0.044,0.02
632,0.202,0.232,0.376,0.062,0.04,0.034,0.054
633,0.104,0.254,0.436,0.038,0.082,0.034,0.052
634,0.102,0.284,0.53,0.006,0.006,0.042,0.03
635,0.526,0.106,0.214,0.058,0.014,0.038,0.044
636,0.068,0.294,0.496,0.048,0.018,0.044,0.032
637,0.188,0.138,0.566,0.014,0.024,0.03,0.04
638,0.066,0.182,0.604,0.016,0.036,0.042,0.054
639,0.36,0.072,0.424,0.048,0.012,0.05,0.034
640,0.022,0.068,0.824,0.014,0.016,0.036,0.02
641,0.05,0.282,0.408,0.034,0.034,0.124,0.068
642,0.054,0.244,0.576,0.014,0.018,0.046,0.048
643,0.146,0.422,0.082,0.094,0.08,0.098,0.078
644,0.112,0.288,0.028,0.172,0.084,0.196,0.12
645,0.102,0.228,0.176,0.096,0.18,0.166,0.052
646,0.35,0.172,0.116,0.096,0.032,0.144,0.09
647,0.046,0.03,0.038,0.512,0.15,0.178,0.046
648,0.0,0.696,0.042,0.076,0.14,0.02,0.026
649,0.058,0.482,0.056,0.188,0.138,0.042,0.036
650,0.012,0.014,0.012,0.748,0.066,0.112,0.036
651,0.014,0.012,0.018,0.716,0.058,0.16,0.022
652,0.048,0.11,0.068,0.412,0.072,0.242,0.048
653,0.03,0.02,0.048,0.64,0.108,0.112,0.042
654,0.098,0.18,0.036,0.13,0.212,0.218,0.126
655,0.082,0.152,0.048,0.26,0.306,0.106,0.046
656,0.05,0.104,0.156,0.216,0.316,0.134,0.024
657,0.022,0.024,0.032,0.684,0.11,0.088,0.04
658,0.022,0.018,0.032,0.674,0.106,0.11,0.038
659,0.02,0.018,0.03,0.69,0.094,0.11,0.038
660,0.014,0.382,0.008,0.132,0.264,0.052,0.148
661,0.116,0.236,0.038,0.126,0.198,0.122,0.164
662,0.114,0.42,0.052,0.1,0.142,0.118,0.054
663,0.044,0.252,0.08,0.272,0.188,0.124,0.04
664,0.054,0.116,0.05,0.096,0.518,0.118,0.048
665,0.086,0.216,0.064,0.086,0.43,0.072,0.046
666,0.034,0.39,0.014,0.142,0.22,0.072,0.128
667,0.072,0.192,0.06,0.148,0.326,0.07,0.132
668,0.096,0.262,0.042,0.156,0.058,0.282,0.104
669,0.042,0.022,0.032,0.5,0.2,0.152,0.052
670,0.034,0.364,0.114,0.112,0.224,0.076,0.076
671,0.066,0.66,0.078,0.028,0.05,0.096,0.022
672,0.092,0.332,0.03,0.152,0.156,0.14,0.098
673,0.148,0.11,0.068,0.062,0.18,0.206,0.226
674,0.178,0.12,0.08,0.114,0.21,0.184,0.114
675,0.464,0.05,0.082,0.142,0.09,0.128,0.044
676,0.03,0.594,0.02,0.136,0.108,0.034,0.078
677,0.032,0.32,0.048,0.098,0.362,0.058,0.082
678,0.016,0.01,0.004,0.048,0.008,0.9,0.014
679,0.79,0.064,0.01,0.006,0.008,0.096,0.026
680,0.006,0.006,0.004,0.02,0.018,0.94,0.006
681,0.024,0.02,0.016,0.046,0.02,0.858,0.016
682,0.006,0.002,0.0,0.038,0.052,0.894,0.008
683,0.072,0.17,0.152,0.048,0.106,0.39,0.062
684,0.012,0.008,0.014,0.068,0.078,0.812,0.008
685,0.112,0.39,0.052,0.12,0.052,0.182,0.092
686,0.044,0.02,0.01,0.144,0.05,0.632,0.1
687,0.232,0.054,0.116,0.114,0.036,0.426,0.022
688,0.054,0.016,0.082,0.172,0.188,0.432,0.056
689,0.008,0.01,0.002,0.012,0.014,0.94,0.014
690,0.02,0.038,0.104,0.088,0.08,0.63,0.04
691,0.04,0.032,0.05,0.27,0.122,0.412,0.074
692,0.006,0.008,0.008,0.016,0.018,0.94,0.004
693,0.016,0.002,0.004,0.014,0.01,0.948,0.006
694,0.174,0.16,0.192,0.098,0.15,0.192,0.034
695,0.018,0.002,0.006,0.028,0.02,0.902,0.024
696,0.048,0.024,0.026,0.05,0.026,0.79,0.036
697,0.032,0.014,0.06,0.13,0.074,0.65,0.04
698,0.246,0.248,0.084,0.062,0.114,0.148,0.098
699,0.052,0.004,0.016,0.126,0.036,0.702,0.064
700,0.046,0.01,0.022,0.118,0.046,0.7,0.058
701,0.016,0.0,0.01,0.01,0.014,0.942,0.008
702,0.084,0.026,0.08,0.056,0.064,0.48,0.21
703,0.048,0.11,0.054,0.166,0.224,0.346,0.052
704,0.022,0.034,0.008,0.088,0.064,0.756,0.028
705,0.012,0.004,0.018,0.056,0.06,0.838,0.012
706,0.008,0.008,0.002,0.012,0.006,0.962,0.002
707,0.086,0.094,0.12,0.032,0.128,0.462,0.078
708,0.042,0.026,0.06,0.178,0.144,0.442,0.108
709,0.096,0.18,0.104,0.134,0.254,0.208,0.024
710,0.098,0.046,0.05,0.014,0.024,0.038,0.73
711,0.116,0.22,0.042,0.048,0.028,0.142,0.404
712,0.068,0.4,0.012,0.032,0.016,0.108,0.364
713,0.026,0.042,0.012,0.004,0.018,0.008,0.89
714,0.116,0.08,0.032,0.018,0.072,0.116,0.566
715,0.108,0.058,0.032,0.016,0.038,0.038,0.71
716,0.03,0.116,0.044,0.048,0.094,0.028,0.64
717,0.08,0.436,0.024,0.064,0.02,0.04,0.336
718,0.042,0.042,0.078,0.068,0.072,0.182,0.516
719,0.12,0.31,0.044,0.066,0.118,0.076,0.266
720,0.056,0.04,0.008,0.006,0.05,0.064,0.776
721,0.232,0.028,0.084,0.004,0.02,0.036,0.596
722,0.142,0.104,0.064,0.012,0.076,0.03,0.572
723,0.086,0.068,0.078,0.046,0.122,0.102,0.498
724,0.056,0.55,0.028,0.094,0.064,0.064,0.144
725,0.024,0.028,0.032,0.018,0.042,0.094,0.762
726,0.106,0.042,0.23,0.128,0.058,0.128,0.308
727,0.02,0.038,0.02,0.018,0.028,0.026,0.85
728,0.072,0.118,0.014,0.022,0.004,0.066,0.704
729,0.034,0.112,0.032,0.012,0.04,0.064,0.706
730,0.088,0.034,0.064,0.032,0.1,0.308,0.374
731,0.184,0.192,0.04,0.022,0.066,0.09,0.406
732,0.11,0.102,0.054,0.022,0.084,0.112,0.516
733,0.254,0.106,0.014,0.016,0.06,0.124,0.426
734,0.08,0.46,0.024,0.04,0.056,0.034,0.306
735,0.04,0.028,0.052,0.024,0.052,0.046,0.758
736,0.07,0.078,0.072,0.092,0.19,0.274,0.224
737,0.054,0.154,0.01,0.008,0.014,0.032,0.728
